{
    "root_group": {
        "name": "",
        "path": "",
        "id": "d41d8cd98f00b204e9800998ecf8427e",
        "groups": {},
        "checks": {
                "login succeeded": {
                    "name": "login succeeded",
                    "path": "::login succeeded",
                    "id": "904b20f978ea9858883ce098334e6bab",
                    "passes": 3598,
                    "fails": 0
                },
                "response time < 2s": {
                    "id": "492f12d6af2add47d3f33fffc3b7b9ac",
                    "passes": 187,
                    "fails": 3411,
                    "name": "response time < 2s",
                    "path": "::response time < 2s"
                }
            }
    },
    "metrics": {
        "vus": {
            "value": 96,
            "min": 80,
            "max": 1000
        },
        "checks": {
            "passes": 3785,
            "fails": 3411,
            "value": 0.5259866592551418
        },
        "http_reqs": {
            "count": 7196,
            "rate": 83.36541326188579
        },
        "http_req_duration": {
            "min": 11.6538,
            "med": 10676.5713,
            "max": 22658.0361,
            "p(90)": 14579.280200000001,
            "p(95)": 16844.0729,
            "avg": 9991.184203126752
        },
        "http_req_receiving": {
            "p(90)": 1.0006,
            "p(95)": 1.5085,
            "avg": 3.0978589633129445,
            "min": 0,
            "med": 0,
            "max": 1561.3742
        },
        "vus_max": {
            "value": 1000,
            "min": 1000,
            "max": 1000
        },
        "data_sent": {
            "count": 1312547,
            "rate": 15205.811990084549
        },
        "iteration_duration": {
            "min": 1979.8706,
            "med": 22151.20225,
            "max": 35475.0127,
            "p(90)": 28839.40709,
            "p(95)": 30710.319879999995,
            "avg": 21894.816054168976
        },
        "http_req_waiting": {
            "min": 11.1032,
            "med": 10670.48985,
            "max": 22658.0361,
            "p(90)": 14571.0077,
            "p(95)": 16844.0729,
            "avg": 9987.453668968885
        },
        "http_req_failed": {
            "passes": 0,
            "fails": 7196,
            "value": 0
        },
        "data_received": {
            "count": 15143537,
            "rate": 175437.35689989693
        },
        "http_req_connecting": {
            "p(95)": 5.2291,
            "avg": 6.745319246803783,
            "min": 0,
            "med": 0,
            "max": 654.7391,
            "p(90)": 0.9994000000000001
        },
        "http_req_duration{expected_response:true}": {
            "min": 11.6538,
            "med": 10676.5713,
            "max": 22658.0361,
            "p(90)": 14579.280200000001,
            "p(95)": 16844.0729,
            "avg": 9991.184203126752
        },
        "iterations": {
            "count": 3598,
            "rate": 41.682706630942896
        },
        "http_req_sending": {
            "avg": 0.6326751945525293,
            "min": 0,
            "med": 0,
            "max": 2430.158,
            "p(90)": 0,
            "p(95)": 0.5366249999999999
        },
        "http_req_blocked": {
            "p(95)": 6.5379,
            "avg": 7.278990550305729,
            "min": 0,
            "med": 0,
            "max": 654.7391,
            "p(90)": 1.1345
        },
        "http_req_tls_handshaking": {
            "max": 0,
            "p(90)": 0,
            "p(95)": 0,
            "avg": 0,
            "min": 0,
            "med": 0
        }
    }
}